{
  "feature_columns": [
    "urlLength",
    "specialCharsCount",
    "hasKeyword",
    "hasSpecialChar",
    "hexCharsCount",
    "digitsCount",
    "dotCount",
    "slashRatio",
    "uppercaseCount",
    "vowelsCount",
    "consonantsCount",
    "domainToUrlRatio",
    "hasHttpWww",
    "hasIp",
    "hasExe",
    "hasPort",
    "hasBackslash",
    "hasRedirect",
    "hasRef",
    "maxSub30"
  ],
  "models": {
    "random_forest": {
      "train": {
        "accuracy": 0.973507256211739,
        "f1_score": 0.9729569632299507,
        "recall": 0.9674220552878813,
        "precision": 0.9785555693012898
      },
      "test": {
        "accuracy": 0.9071513737030366,
        "f1_score": 0.9042861999529277,
        "recall": 0.8903393583603687,
        "precision": 0.9186769394261424
      },
      "confusion_matrix": [
        [
          73878,
          6122
        ],
        [
          8518,
          69158
        ]
      ]
    },
    "decision_tree": {
      "train": {
        "accuracy": 0.9735215260480006,
        "f1_score": 0.9727957202943927,
        "recall": 0.9610107466664092,
        "precision": 0.9848733231521276
      },
      "test": {
        "accuracy": 0.8825439508866283,
        "f1_score": 0.8794208031668316,
        "recall": 0.869457747566816,
        "precision": 0.8896148374519205
      },
      "confusion_matrix": [
        [
          71620,
          8380
        ],
        [
          10140,
          67536
        ]
      ]
    },
    "adaboost": {
      "train": {
        "accuracy": 0.7863187152073645,
        "f1_score": 0.7641577286735021,
        "recall": 0.702714185020325,
        "precision": 0.837375736377025
      },
      "test": {
        "accuracy": 0.7847104188335574,
        "f1_score": 0.7623760990087921,
        "recall": 0.7010530923322519,
        "precision": 0.835455661245781
      },
      "confusion_matrix": [
        [
          69275,
          10725
        ],
        [
          23221,
          54455
        ]
      ]
    }
  }
}